{
    "Cd": 0.0015,
    "Cdvary": 0,
    "CkCd": 1,
    "CkCdvary": 0,
    "Vmax": 75.67132634444347,
    "alpha_eye": 0.15,
    "eye_adj": 0,
    "fcor": 6.278659938071538e-05,
    "r0": 5000000.0,
    "p0": 1015,
    "w_cool": 0.002
}