{
    "Cd":0.0015,
    "Cdvary":0,
    "CkCd":1,
    "CkCdvary":0,
    "Vmax":40.29261127925133,
    "alpha_eye":0.15,
    "eye_adj":0,
    "fcor":4.868305996437162e-05,
    "p0":1015.4340209960938,
    "r0":4006896.551724138,
    "w_cool":0.002
}