{
    "Cd":0.0015,
    "Cdvary":0,
    "CkCd":1,
    "CkCdvary":0,
    "Vmax":83.91111648587983,
    "alpha_eye":0.15,
    "eye_adj":0,
    "fcor":3.8974579244005134e-05,
    "p0":1011.6604614257812,
    "r0":2186206.896551724,
    "w_cool":0.002
}