{
    "Cd":0.0015,
    "Cdvary":0,
    "CkCd":1,
    "CkCdvary":0,
    "Vmax":78.5399594275587,
    "alpha_eye":0.15,
    "eye_adj":0,
    "fcor":6.278659938071538e-05,
    "p0":1020.25927734375,
    "r0":1616058.591441308,
    "w_cool":0.002
}