{
    "Cd":0.0015,
    "Cdvary":0,
    "CkCd":1,
    "CkCdvary":0,
    "Vmax":70.23028714358863,
    "alpha_eye":0.15,
    "eye_adj":0,
    "fcor":4.1421365902309484e-05,
    "p0":1012.7720336914062,
    "r0":3344827.5862068967,
    "w_cool":0.002
}