{
    "Cd":0.0015,
    "Cdvary":0,
    "CkCd":1,
    "CkCdvary":0,
    "Vmax":NaN,
    "alpha_eye":0.15,
    "eye_adj":0,
    "fcor":5.107494489764325e-05,
    "p0":1019.1664428710938,
    "r0":200000.0,
    "w_cool":0.002
}