{
    "Cd":0.0015,
    "Cdvary":0,
    "CkCd":1,
    "CkCdvary":0,
    "Vmax":42.30016391346277,
    "alpha_eye":0.15,
    "eye_adj":0,
    "fcor":5.107494489764325e-05,
    "p0":1016.6295166015625,
    "r0":1615017.993761177,
    "w_cool":0.002
}