{
    "Cd":0.0015,
    "Cdvary":0,
    "CkCd":1,
    "CkCdvary":0,
    "Vmax":77.19388780251363,
    "alpha_eye":0.15,
    "eye_adj":0,
    "fcor":6.278659938071538e-05,
    "p0":1017.74853515625,
    "r0":5000000.0,
    "w_cool":0.002
}