{
    "Cd":0.0015,
    "Cdvary":0,
    "CkCd":1,
    "CkCdvary":0,
    "Vmax":75.91554511613114,
    "alpha_eye":0.15,
    "eye_adj":0,
    "fcor":6.278659938071538e-05,
    "p0":1014.409423828125,
    "r0":200000.0,
    "w_cool":0.002
}