{
    "Cd":0.0015,
    "Cdvary":0,
    "CkCd":1,
    "CkCdvary":0,
    "Vmax":74.75726028031613,
    "alpha_eye":0.15,
    "eye_adj":0,
    "fcor":6.278659938071538e-05,
    "p0":1018.9674072265625,
    "r0":2517241.3793103453,
    "w_cool":0.002
}