{
    "Cd":0.0015,
    "Cdvary":0,
    "CkCd":1,
    "CkCdvary":0,
    "Vmax":74.91040144372855,
    "alpha_eye":0.15,
    "eye_adj":0,
    "fcor":6.278659938071538e-05,
    "p0":1017.8157958984375,
    "r0":1370026.3882764473,
    "w_cool":0.002
}