{
    "Cd": 0.0015,
    "Cdvary": 0,
    "CkCd": 1,
    "CkCdvary": 0,
    "Vmax": 49.458511049768816,
    "alpha_eye": 0.15,
    "eye_adj": 0,
    "fcor": 7.836084948051749e-05,
    "p0": 1016.715576171875,
    "r0": 734735.8325246028,
    "w_cool": 0.002
}